Workbook

Sheet Dashboard
B2: Musik Streaming Dashboard
B3: Periode 1–16 Agustus 2026 · Sumber data: tblPlayHistory
B5: Total Plays | F5: Unique Listeners | J5: Unique Songs Played | N5: Average Plays per Listener
B6: =Summary_KPI!B4 -> 18 | F6: =Summary_KPI!C4 -> 3 | J6: =Summary_KPI!D4 -> 6 | N6: =Summary_KPI!E4 -> 6
B7: =Summary_KPI!B7 -> ● Tercapai (target ≥15) | F7: =Summary_KPI!C7 -> ● Tercapai (target ≥3) | J7: =Summary_KPI!D7 -> ● Tercapai (target ≥5) | N7: =Summary_KPI!E7 -> ● Tercapai (target ≥5)
B9: Tren Total Plays per Hari · Agustus 2026
B19: Total Plays per Lagu | J19: Total Plays per Genre
B29: Insight Utama
B30: Lagu terpopuler | E30: =INDEX(Summary_Lagu!B4:B9,MATCH(MAX(Summary_Lagu!C4:C9),Summary_Lagu!C4:C9,0))&" paling banyak diputar ("&MAX(Summary_Lagu!C4:C9)&" plays) – acuan untuk playlist sejenis." -> Hati-Hati di Jalan paling banyak diputar (5 plays) – acuan untuk playlist sejenis.
B31: Dominasi genre | E31: =INDEX(Summary_Genre!B4:B6,MATCH(MAX(Summary_Genre!C4:C6),Summary_Genre!C4:C6,0))&" menyumbang "&TEXT(MAX(Summary_Genre!C4:C6)/Summary_Genre!C7,"0%")&" dari "&Summary_Genre!C7&" plays – perlu variasi genre agar pasar lebih luas." -> Pop menyumbang 83% dari 18 plays – perlu variasi genre agar pasar lebih luas.
B32: Keterlibatan | E32: ="Rata-rata "&Summary_KPI!E4&" plays per pendengar, "&IF(Summary_KPI!E4>=5,"sudah memenuhi target (≥5).","masih di bawah target (≥5) – rekomendasi lagu dan notifikasi perlu ditingkatkan.") -> Rata-rata 6 plays per pendengar, sudah memenuhi target (≥5).

Sheet Summary_KPI
B1: Summary KPI · sumber nilai KPI Cards di Dashboard
B3: Total Plays | C3: Unique Listeners | D3: Unique Songs Played | E3: Average Plays per Listener
B4: =SUM(Summary_Lagu!C4:C9) -> 18 | C4: 3 | D4: =COUNTIF(Summary_Lagu!C4:C9,">0") -> 6 | E4: =ROUND(B4/C4,1) -> 6
B6: Status terhadap target
B7: =IF(B4>=15,"● Tercapai (target ≥15)",IF(B4>=10,"● Waspada (10–14)","● Rendah (<10)")) -> ● Tercapai (target ≥15) | C7: =IF(C4>=3,"● Tercapai (target ≥3)",IF(C4=2,"● Waspada (2)","● Rendah (≤1)")) -> ● Tercapai (target ≥3) | D7: =IF(D4>=5,"● Tercapai (target ≥5)",IF(D4>=3,"● Waspada (3–4)","● Rendah (<3)")) -> ● Tercapai (target ≥5) | E7: =IF(E4>=5,"● Tercapai (target ≥5)",IF(E4>=3,"● Waspada (3–5)","● Rendah (<3)")) -> ● Tercapai (target ≥5)
B9: Angka biru = nilai dari PivotTable Pivot_KPI (Unique Listeners = DISTINCTCOUNT user_id). Nilai lain dihitung dari Summary_Lagu.

Sheet Summary_Lagu
B1: Summary Lagu · Total Plays per Lagu
B3: Lagu | C3: Total Plays | D3: Genre
B4: Hati-Hati di Jalan | C4: 5 | D4: =PROPER(TRIM(INDEX('4_songs'!$E$2:$E$7,MATCH(B4,'4_songs'!$B$2:$B$7,0)))) -> Pop
B5: Serba Salah | C5: 4 | D5: =PROPER(TRIM(INDEX('4_songs'!$E$2:$E$7,MATCH(B5,'4_songs'!$B$2:$B$7,0)))) -> Pop
B6: Sahdu | C6: 4 | D6: =PROPER(TRIM(INDEX('4_songs'!$E$2:$E$7,MATCH(B6,'4_songs'!$B$2:$B$7,0)))) -> Pop
B7: Cinta Luar Biasa | C7: 2 | D7: =PROPER(TRIM(INDEX('4_songs'!$E$2:$E$7,MATCH(B7,'4_songs'!$B$2:$B$7,0)))) -> Pop
B8: Melompat Lebih Tinggi | C8: 2 | D8: =PROPER(TRIM(INDEX('4_songs'!$E$2:$E$7,MATCH(B8,'4_songs'!$B$2:$B$7,0)))) -> Rock
B9: Sesuatu di Jogja | C9: 1 | D9: =PROPER(TRIM(INDEX('4_songs'!$E$2:$E$7,MATCH(B9,'4_songs'!$B$2:$B$7,0)))) -> Indie
B10: Total | C10: =SUM(C4:C9) -> 18
B12: Angka biru = nilai dari PivotTable Pivot_Ringkasan (file Forum 10.1). Genre diambil dari 4_songs dan dirapikan (TRIM + PROPER).

Sheet Summary_Genre
B1: Summary Genre · Total Plays per Genre
B3: Genre | C3: Total Plays | D3: Porsi
B4: Pop | C4: =SUMIF(Summary_Lagu!$D$4:$D$9,B4,Summary_Lagu!$C$4:$C$9) -> 15 | D4: =C4/$C$7 -> 0.83333333
B5: Rock | C5: =SUMIF(Summary_Lagu!$D$4:$D$9,B5,Summary_Lagu!$C$4:$C$9) -> 2 | D5: =C5/$C$7 -> 0.11111111
B6: Indie | C6: =SUMIF(Summary_Lagu!$D$4:$D$9,B6,Summary_Lagu!$C$4:$C$9) -> 1 | D6: =C6/$C$7 -> 0.055555556
B7: Total | C7: =SUM(C4:C6) -> 18
B9: =IF(C7=Summary_Lagu!C10,"✔ Sesuai dengan total plays per lagu","Periksa: total tidak sama") -> ✔ Sesuai dengan total plays per lagu

Sheet Data_Tren
B1: Data Tren Harian · 1–16 Agustus 2026
B3: Tanggal | C3: Total Plays | D3: Unique Listeners
B4: 46235 | C4: 1 | D4: 1
B5: 46236 | C5: 2 | D5: 1
B6: 46237 | C6: 1 | D6: 1
B7: 46238 | C7: 2 | D7: 2
B8: 46239 | C8: 0 | D8: 0
B9: 46240 | C9: 2 | D9: 2
B10: 46241 | C10: 0 | D10: 0
B11: 46242 | C11: 2 | D11: 1
B12: 46243 | C12: 1 | D12: 1
B13: 46244 | C13: 0 | D13: 0
B14: 46245 | C14: 2 | D14: 2
B15: 46246 | C15: 1 | D15: 1
... B19: 46250 | C19: 2 | D19: 2
B20: Total | C20: =SUM(C4:C19) -> 18
B22: =IF(C20=Summary_KPI!B4,"✔ Sesuai dengan KPI Total Plays","Periksa") -> ✔ Sesuai dengan KPI Total Plays
B23: Sumber: tblPlayHistory (Data Model) per played_date, nilai statis dari Forum 10.2.

Sheet 2_users
A1: user_id | B1: user_name | C1: subscription_type
A2: 101 | B2: Andi Saputra | C2: Premium
A3: 102 | B3: Bella Christy | C3: Free
A4: 103 | B4: Citra Wulandari | C4: Family

Sheet 3_artists
A1: artist_id | B1: artist_name
A2: 501 | B2: Tulus
A3: 502 | B3: Raisa
A4: 503 | B4: Ardhito Pramono
A5: 504 | B5: Sheila On 7

Sheet 4_songs
A1: song_id | B1: title | C1: duration | D1: artist_id | E1: genre | F1: release_date
A2: 9001 | B2: Hati-Hati di Jalan | C2: 258 | D2: 501 | E2: Pop | F2: 2022-03-03
A3: 9002 | B3: Sahdu | C3: 231 | D3: 501 | E3: POP | F3: 2021-04-01
A4: 9003 | B4: Serba Salah | C4: 244 | D4: 502 | E4: pop | F4: 2020-02-14
A5: 9004 | B5: Cinta Luar Biasa | C5: 267 | D5: 502 | E5: Pop | F5: 2019-07-10
A6: 9005 | B6: Sesuatu di Jogja | C6: 220 | D6: 503 | E6: indie | F6: 2018-11-02
A7: 9006 | B7: Melompat Lebih Tinggi | C7: 275 | D7: 504 | E7: ROCK | F7: 2000-06-18

Sheet KPI_Definition
A1: KPI | B1: Definisi / rumus | C1: Manfaat
A2: Total Plays | B2: COUNTROWS(tblPlayHistory) | C2: Memantau jumlah pemutaran lagu
A3: Unique Listeners | B3: DISTINCTCOUNT(user_id) | C3: Memantau jumlah pendengar aktif
A4: Unique Songs Played | B4: DISTINCTCOUNT(song_id) | C4: Mengetahui variasi lagu yang didengarkan
A5: Average Plays per Listener | B5: Total Plays / Unique Listeners | C5: Mengukur rata-rata aktivitas per pendengar
A6: Most Played Song | B6: Lagu dengan Total Plays tertinggi | C6: Mengetahui lagu yang paling sering diputar
